{
  "apiRoutes": [
    {
      "file": "_expo/functions/api/status+api.js",
      "page": "/api/status",
      "namedRegex": "^/api/status(?:/)?$",
      "routeKeys": {}
    },
    {
      "file": "_expo/functions/api/auth/otp+api.js",
      "page": "/api/auth/otp",
      "namedRegex": "^/api/auth/otp(?:/)?$",
      "routeKeys": {}
    },
    {
      "file": "_expo/functions/api/qr/admin+api.js",
      "page": "/api/qr/admin",
      "namedRegex": "^/api/qr/admin(?:/)?$",
      "routeKeys": {}
    },
    {
      "file": "_expo/functions/api/wazuh/log+api.js",
      "page": "/api/wazuh/log",
      "namedRegex": "^/api/wazuh/log(?:/)?$",
      "routeKeys": {}
    },
    {
      "file": "_expo/functions/api/subscribe+api.js",
      "page": "/api/subscribe",
      "namedRegex": "^/api/subscribe(?:/)?$",
      "routeKeys": {}
    },
    {
      "file": "_expo/functions/api/qr/admin/logs+api.js",
      "page": "/api/qr/admin/logs",
      "namedRegex": "^/api/qr/admin/logs(?:/)?$",
      "routeKeys": {}
    },
    {
      "file": "_expo/functions/api/bslatam/agenda+api.js",
      "page": "/api/bslatam/agenda",
      "namedRegex": "^/api/bslatam/agenda(?:/)?$",
      "routeKeys": {}
    },
    {
      "file": "_expo/functions/api/auth/otp/verify+api.js",
      "page": "/api/auth/otp/verify",
      "namedRegex": "^/api/auth/otp/verify(?:/)?$",
      "routeKeys": {}
    },
    {
      "file": "_expo/functions/api/config/versions+api.js",
      "page": "/api/config/versions",
      "namedRegex": "^/api/config/versions(?:/)?$",
      "routeKeys": {}
    },
    {
      "file": "_expo/functions/api/bslatam/bookings+api.js",
      "page": "/api/bslatam/bookings",
      "namedRegex": "^/api/bslatam/bookings(?:/)?$",
      "routeKeys": {}
    },
    {
      "file": "_expo/functions/api/bslatam/speakers+api.js",
      "page": "/api/bslatam/speakers",
      "namedRegex": "^/api/bslatam/speakers(?:/)?$",
      "routeKeys": {}
    },
    {
      "file": "_expo/functions/api/qr/admin/suspend+api.js",
      "page": "/api/qr/admin/suspend",
      "namedRegex": "^/api/qr/admin/suspend(?:/)?$",
      "routeKeys": {}
    },
    {
      "file": "_expo/functions/api/bslatam/analytics+api.js",
      "page": "/api/bslatam/analytics",
      "namedRegex": "^/api/bslatam/analytics(?:/)?$",
      "routeKeys": {}
    },
    {
      "file": "_expo/functions/api/bslatam/subscribe+api.js",
      "page": "/api/bslatam/subscribe",
      "namedRegex": "^/api/bslatam/subscribe(?:/)?$",
      "routeKeys": {}
    },
    {
      "file": "_expo/functions/api/auth/wallet/solana+api.js",
      "page": "/api/auth/wallet/solana",
      "namedRegex": "^/api/auth/wallet/solana(?:/)?$",
      "routeKeys": {}
    },
    {
      "file": "_expo/functions/api/bslatam/auto-match+api.js",
      "page": "/api/bslatam/auto-match",
      "namedRegex": "^/api/bslatam/auto\\-match(?:/)?$",
      "routeKeys": {}
    },
    {
      "file": "_expo/functions/api/bslatam/user-passes+api.js",
      "page": "/api/bslatam/user-passes",
      "namedRegex": "^/api/bslatam/user\\-passes(?:/)?$",
      "routeKeys": {}
    },
    {
      "file": "_expo/functions/api/qr/admin/reactivate+api.js",
      "page": "/api/qr/admin/reactivate",
      "namedRegex": "^/api/qr/admin/reactivate(?:/)?$",
      "routeKeys": {}
    },
    {
      "file": "_expo/functions/api/auth/wallet/ethereum+api.js",
      "page": "/api/auth/wallet/ethereum",
      "namedRegex": "^/api/auth/wallet/ethereum(?:/)?$",
      "routeKeys": {}
    },
    {
      "file": "_expo/functions/api/auth/wallet/challenge+api.js",
      "page": "/api/auth/wallet/challenge",
      "namedRegex": "^/api/auth/wallet/challenge(?:/)?$",
      "routeKeys": {}
    },
    {
      "file": "_expo/functions/api/bslatam/verify-ticket+api.js",
      "page": "/api/bslatam/verify-ticket",
      "namedRegex": "^/api/bslatam/verify\\-ticket(?:/)?$",
      "routeKeys": {}
    },
    {
      "file": "_expo/functions/api/bslatam/meeting-slots/+api.js",
      "page": "/api/bslatam/meeting-slots/",
      "namedRegex": "^/api/bslatam/meeting\\-slots(?:/)?$",
      "routeKeys": {}
    },
    {
      "file": "_expo/functions/api/auth/delete-account-otp+api.js",
      "page": "/api/auth/delete-account-otp",
      "namedRegex": "^/api/auth/delete\\-account\\-otp(?:/)?$",
      "routeKeys": {}
    },
    {
      "file": "_expo/functions/api/auth/send-welcome-email+api.js",
      "page": "/api/auth/send-welcome-email",
      "namedRegex": "^/api/auth/send\\-welcome\\-email(?:/)?$",
      "routeKeys": {}
    },
    {
      "file": "_expo/functions/api/auth/delete-account-email+api.js",
      "page": "/api/auth/delete-account-email",
      "namedRegex": "^/api/auth/delete\\-account\\-email(?:/)?$",
      "routeKeys": {}
    },
    {
      "file": "_expo/functions/api/auth/send-onboarding-emails+api.js",
      "page": "/api/auth/send-onboarding-emails",
      "namedRegex": "^/api/auth/send\\-onboarding\\-emails(?:/)?$",
      "routeKeys": {}
    },
    {
      "file": "_expo/functions/api/bslatam/meeting-slots/book/+api.js",
      "page": "/api/bslatam/meeting-slots/book/",
      "namedRegex": "^/api/bslatam/meeting\\-slots/book(?:/)?$",
      "routeKeys": {}
    },
    {
      "file": "_expo/functions/api/bslatam/notifications/email+api.js",
      "page": "/api/bslatam/notifications/email",
      "namedRegex": "^/api/bslatam/notifications/email(?:/)?$",
      "routeKeys": {}
    },
    {
      "file": "_expo/functions/api/bslatam/add-day-name-column+api.js",
      "page": "/api/bslatam/add-day-name-column",
      "namedRegex": "^/api/bslatam/add\\-day\\-name\\-column(?:/)?$",
      "routeKeys": {}
    },
    {
      "file": "_expo/functions/api/auth/delete-account-otp/verify+api.js",
      "page": "/api/auth/delete-account-otp/verify",
      "namedRegex": "^/api/auth/delete\\-account\\-otp/verify(?:/)?$",
      "routeKeys": {}
    },
    {
      "file": "_expo/functions/api/bslatam/bookings/[id]+api.js",
      "page": "/api/bslatam/bookings/[id]",
      "namedRegex": "^/api/bslatam/bookings/(?<id>[^/]+?)(?:/)?$",
      "routeKeys": {
        "id": "id"
      }
    },
    {
      "file": "_expo/functions/api/bslatam/speakers/[id]+api.js",
      "page": "/api/bslatam/speakers/[id]",
      "namedRegex": "^/api/bslatam/speakers/(?<id>[^/]+?)(?:/)?$",
      "routeKeys": {
        "id": "id"
      }
    }
  ],
  "htmlRoutes": [
    {
      "file": "./events/bsl2025/speakers/index.tsx",
      "page": "/events/bsl2025/speakers/index",
      "namedRegex": "^/events/bsl2025/speakers(?:/)?$",
      "routeKeys": {}
    },
    {
      "file": "./index.tsx",
      "page": "/index",
      "namedRegex": "^/(?:/)?$",
      "routeKeys": {}
    },
    {
      "file": "./(shared)/docs.tsx",
      "page": "/(shared)/docs",
      "namedRegex": "^(?:/\\(shared\\))?/docs(?:/)?$",
      "routeKeys": {}
    },
    {
      "file": "./(shared)/auth.tsx",
      "page": "/(shared)/auth",
      "namedRegex": "^(?:/\\(shared\\))?/auth(?:/)?$",
      "routeKeys": {}
    },
    {
      "file": "./(shared)/terms.tsx",
      "page": "/(shared)/terms",
      "namedRegex": "^(?:/\\(shared\\))?/terms(?:/)?$",
      "routeKeys": {}
    },
    {
      "file": "./(shared)/support.tsx",
      "page": "/(shared)/support",
      "namedRegex": "^(?:/\\(shared\\))?/support(?:/)?$",
      "routeKeys": {}
    },
    {
      "file": "./(shared)/privacy.tsx",
      "page": "/(shared)/privacy",
      "namedRegex": "^(?:/\\(shared\\))?/privacy(?:/)?$",
      "routeKeys": {}
    },
    {
      "file": "./(shared)/auth/callback.tsx",
      "page": "/(shared)/auth/callback",
      "namedRegex": "^(?:/\\(shared\\))?/auth/callback(?:/)?$",
      "routeKeys": {}
    },
    {
      "file": "./events/bsl2025/home.tsx",
      "page": "/events/bsl2025/home",
      "namedRegex": "^/events/bsl2025/home(?:/)?$",
      "routeKeys": {}
    },
    {
      "file": "./home.tsx",
      "page": "/home",
      "namedRegex": "^/home(?:/)?$",
      "routeKeys": {}
    },
    {
      "file": "./(shared)/dashboard/admin.tsx",
      "page": "/(shared)/dashboard/admin",
      "namedRegex": "^(?:/\\(shared\\))?/dashboard/admin(?:/)?$",
      "routeKeys": {}
    },
    {
      "file": "./terms.tsx",
      "page": "/terms",
      "namedRegex": "^/terms(?:/)?$",
      "routeKeys": {}
    },
    {
      "file": "./events/bsl2025/agenda.tsx",
      "page": "/events/bsl2025/agenda",
      "namedRegex": "^/events/bsl2025/agenda(?:/)?$",
      "routeKeys": {}
    },
    {
      "file": "./(shared)/dashboard/wallet.tsx",
      "page": "/(shared)/dashboard/wallet",
      "namedRegex": "^(?:/\\(shared\\))?/dashboard/wallet(?:/)?$",
      "routeKeys": {}
    },
    {
      "file": "./status.tsx",
      "page": "/status",
      "namedRegex": "^/status(?:/)?$",
      "routeKeys": {}
    },
    {
      "file": "./(shared)/dashboard/qr-view.tsx",
      "page": "/(shared)/dashboard/qr-view",
      "namedRegex": "^(?:/\\(shared\\))?/dashboard/qr\\-view(?:/)?$",
      "routeKeys": {}
    },
    {
      "file": "./(shared)/dashboard/profile.tsx",
      "page": "/(shared)/dashboard/profile",
      "namedRegex": "^(?:/\\(shared\\))?/dashboard/profile(?:/)?$",
      "routeKeys": {}
    },
    {
      "file": "./(shared)/dashboard/explore.tsx",
      "page": "/(shared)/dashboard/explore",
      "namedRegex": "^(?:/\\(shared\\))?/dashboard/explore(?:/)?$",
      "routeKeys": {}
    },
    {
      "file": "./privacy.tsx",
      "page": "/privacy",
      "namedRegex": "^/privacy(?:/)?$",
      "routeKeys": {}
    },
    {
      "file": "./events/bsl2025/speakers/calendar.tsx",
      "page": "/events/bsl2025/speakers/calendar",
      "namedRegex": "^/events/bsl2025/speakers/calendar(?:/)?$",
      "routeKeys": {}
    },
    {
      "file": "./(shared)/dashboard/settings.tsx",
      "page": "/(shared)/dashboard/settings",
      "namedRegex": "^(?:/\\(shared\\))?/dashboard/settings(?:/)?$",
      "routeKeys": {}
    },
    {
      "file": "expo-router/build/views/Sitemap.js",
      "page": "/_sitemap",
      "namedRegex": "^/_sitemap(?:/)?$",
      "routeKeys": {},
      "generated": true
    },
    {
      "file": "./events/bsl2025/event-info.tsx",
      "page": "/events/bsl2025/event-info",
      "namedRegex": "^/events/bsl2025/event\\-info(?:/)?$",
      "routeKeys": {}
    },
    {
      "file": "./auth/index.tsx",
      "page": "/auth/index",
      "namedRegex": "^/auth(?:/)?$",
      "routeKeys": {}
    },
    {
      "file": "./events/bsl2025/my-bookings.tsx",
      "page": "/events/bsl2025/my-bookings",
      "namedRegex": "^/events/bsl2025/my\\-bookings(?:/)?$",
      "routeKeys": {}
    },
    {
      "file": "./(shared)/dashboard/pass-details.tsx",
      "page": "/(shared)/dashboard/pass-details",
      "namedRegex": "^(?:/\\(shared\\))?/dashboard/pass\\-details(?:/)?$",
      "routeKeys": {}
    },
    {
      "file": "./(shared)/dashboard/notifications.tsx",
      "page": "/(shared)/dashboard/notifications",
      "namedRegex": "^(?:/\\(shared\\))?/dashboard/notifications(?:/)?$",
      "routeKeys": {}
    },
    {
      "file": "./events/bsl2025/networking/index.tsx",
      "page": "/events/bsl2025/networking/index",
      "namedRegex": "^/events/bsl2025/networking(?:/)?$",
      "routeKeys": {}
    },
    {
      "file": "./events/bsl2025/networking/blocked.tsx",
      "page": "/events/bsl2025/networking/blocked",
      "namedRegex": "^/events/bsl2025/networking/blocked(?:/)?$",
      "routeKeys": {}
    },
    {
      "file": "./auth/callback/index.tsx",
      "page": "/auth/callback/index",
      "namedRegex": "^/auth/callback(?:/)?$",
      "routeKeys": {}
    },
    {
      "file": "./events/bsl2025/networking/analytics.tsx",
      "page": "/events/bsl2025/networking/analytics",
      "namedRegex": "^/events/bsl2025/networking/analytics(?:/)?$",
      "routeKeys": {}
    },
    {
      "file": "./events/bsl2025/networking/my-schedule.tsx",
      "page": "/events/bsl2025/networking/my-schedule",
      "namedRegex": "^/events/bsl2025/networking/my\\-schedule(?:/)?$",
      "routeKeys": {}
    },
    {
      "file": "./events/bsl2025/networking/my-requests.tsx",
      "page": "/events/bsl2025/networking/my-requests",
      "namedRegex": "^/events/bsl2025/networking/my\\-requests(?:/)?$",
      "routeKeys": {}
    },
    {
      "file": "./events/bsl2025/networking/my-meetings.tsx",
      "page": "/events/bsl2025/networking/my-meetings",
      "namedRegex": "^/events/bsl2025/networking/my\\-meetings(?:/)?$",
      "routeKeys": {}
    },
    {
      "file": "./events/bsl2025/networking/meeting-chat.tsx",
      "page": "/events/bsl2025/networking/meeting-chat",
      "namedRegex": "^/events/bsl2025/networking/meeting\\-chat(?:/)?$",
      "routeKeys": {}
    },
    {
      "file": "./events/bsl2025/networking/meeting-detail.tsx",
      "page": "/events/bsl2025/networking/meeting-detail",
      "namedRegex": "^/events/bsl2025/networking/meeting\\-detail(?:/)?$",
      "routeKeys": {}
    },
    {
      "file": "./events/bsl2025/speakers/[id].tsx",
      "page": "/events/bsl2025/speakers/[id]",
      "namedRegex": "^/events/bsl2025/speakers/(?<id>[^/]+?)(?:/)?$",
      "routeKeys": {
        "id": "id"
      }
    }
  ],
  "notFoundRoutes": [
    {
      "file": "expo-router/build/views/Unmatched.js",
      "page": "/+not-found",
      "namedRegex": "^(?:/(?<notfound>.+?))?(?:/)?$",
      "routeKeys": {
        "notfound": "not-found"
      },
      "generated": true
    }
  ],
  "redirects": [],
  "rewrites": []
}